"Adenovirus Type 4 and Type 7 Vaccine, Live, Oral"
Anthrax Vaccine Adsorbed
BCG Live
Cholera Vaccine Live Oral
"COVID-19 Vaccine, mRNA"
"Dengue Tetravalent Vaccine, Live"
Diphtheria & Tetanus Toxoids Adsorbed
Diphtheria & Tetanus Toxoids & Acellular Pertussis Vaccine Adsorbed
"Diphtheria & Tetanus Toxoids & Acellular Pertussis Vaccine Adsorbed, Hepatitis B (recombinant) and Inactivated Poliovirus Vaccine Combined"
Diphtheria and Tetanus Toxoids and Acellular Pertussis Adsorbed and Inactivated Poliovirus Vaccine
"Diphtheria and Tetanus Toxoids and Acellular Pertussis Adsorbed, Inactivated Poliovirus, Haemophilus b Conjugate [Meningococcal Protein Conjugate] and Hepatitis B [Recombinant] Vaccine"
"Diphtheria and Tetanus Toxoids and Acellular Pertussis Adsorbed, Inactivated Poliovirus and Haemophilus b Conjugate (Tetanus Toxoid Conjugate) Vaccine"
"Ebola Zaire Vaccine, Live"
Haemophilus b Conjugate Vaccine (Meningococcal Protein Conjugate)
Haemophilus b Conjugate Vaccine (Tetanus Toxoid Conjugate)
"Hepatitis A Vaccine, Inactivated"
Hepatitis A Inactivated and Hepatitis B (Recombinant) Vaccine
Hepatitis B Vaccine (Recombinant)
"Hepatitis B Vaccine (Recombinant), Adjuvanted"
"Human Papillomavirus Quadrivalent (Types 6, 11, 16, 18) Vaccine, Recombinant"
"Human Papillomavirus 9-valent Vaccine, Recombinant"
"Human Papillomavirus Bivalent (Types 16, 18) Vaccine, Recombinant"
Influenza A (H1N1) 2009 Monovalent Vaccine
"Influenza Virus Vaccine, H5N1"
"Influenza A (H5N1) Virus Monovalent Vaccine, Adjuvanted"
"Influenza A (H5N1) Monovalent Vaccine, Adjuvanted"
"Influenza Vaccine, Adjuvanted"
Influenza Vaccine
"Influenza Virus Vaccine (Trivalent, Types A and B)"
"Influenza Vaccine, Live, Intranasal (Trivalent, Types A and B)"
Influenza Vaccine (Trivalent)
Influenza Vaccine (Quadrivalent)
"Influenza Vaccine,Live, Intranasal (Quadrivalent, Types A and Types B)"
"Japanese Encephalitis Virus Vaccine, Inactivated, Adsorbed"
"Measles, Mumps, and Rubella Virus Vaccine, Live"
"Measles, Mumps, Rubella and Varicella Virus Vaccine Live"
"Meningococcal (Groups A, C, Y, and W-135) Oligosaccharide Diphtheria CRM197 Conjugate Vaccine"
"Meningococcal (Groups A, C, Y and W-135) Polysaccharide Diphtheria Toxoid Conjugate Vaccine"
Meningococcal Group B Vaccine
"Meningococcal Polysaccharide Vaccine, Groups A, C, Y and W-135 Combined"
"Meningococcal (Groups A, C, Y, W) Conjugate Vaccine"
"Pneumococcal Vaccine, Polyvalent"
Pneumococcal 13-valent Conjugate Vaccine
Pneumococcal 15-valent Conjugate Vaccine
Pneumococcal 20-valent Conjugate Vaccine
Poliovirus Vaccine Inactivated (Monkey Kidney Cell)
Rabies Vaccine
"Rotavirus Vaccine, Live, Oral"
"Rotavirus Vaccine, Live, Oral, Pentavalent"
"Smallpox and Monkeypox Vaccine, Live, Non-Replicating"
"Smallpox (Vaccinia) Vaccine, Live "
"Tetanus & Diphtheria Toxoids, Adsorbed"
Tetanus & Diphtheria Toxoids Adsorbed for Adult Use
Tetanus Toxoid Adsorbed
"Tetanus Toxoid, Reduced Diphtheria Toxoid and Acellular Pertussis Vaccine, Adsorbed"
Tick-Borne Encephalitis Vaccine
Typhoid Vaccine Live Oral Ty21a
Typhoid Vi Polysaccharide Vaccine
Varicella Virus Vaccine Live
Yellow Fever Vaccine
"Zoster Vaccine, Live, (Oka/Merck)"
"Zoster Vaccine Recombinant, Adjuvanted"